{"cameraMode":{"drawMode":0,"name":"Shaded","section":"Shading Mode"},"sceneLighting":true,"audioPlay":false,"sceneViewState":{"m_AlwaysRefresh":false,"showFog":true,"showSkybox":true,"showFlares":true,"showImageEffects":true,"showParticleSystems":true,"showVisualEffectGraphs":true,"m_FxEnabled":true},"in2DMode":false,"pivot":{"x":103.06629180908203,"y":192.9088592529297,"z":-25.04950523376465},"rotation":{"x":-0.13043956458568574,"y":-0.004152228590101004,"z":0.0005258828168734908,"w":-0.9915646910667419},"size":18.45949363708496,"orthographic":false}