{"cameraMode":{"drawMode":0,"name":"Shaded","section":"Shading Mode"},"sceneLighting":true,"audioPlay":false,"sceneViewState":{"m_AlwaysRefresh":false,"showFog":true,"showSkybox":true,"showFlares":true,"showImageEffects":true,"showParticleSystems":true,"showVisualEffectGraphs":true,"m_FxEnabled":true},"in2DMode":false,"pivot":{"x":12.157262802124024,"y":6.5475358963012699,"z":16.968273162841798},"rotation":{"x":0.15342548489570619,"y":-0.7968755960464478,"z":0.22698384523391725,"w":0.5385289788246155},"size":3.5660250186920168,"orthographic":false}