{"cameraMode":{"drawMode":0,"name":"Shaded","section":"Shading Mode"},"sceneLighting":true,"audioPlay":false,"sceneViewState":{"m_AlwaysRefresh":false,"showFog":true,"showSkybox":true,"showFlares":true,"showImageEffects":true,"showParticleSystems":true,"showVisualEffectGraphs":true,"m_FxEnabled":true},"in2DMode":false,"pivot":{"x":714.0325927734375,"y":359.5711364746094,"z":-22.891584396362306},"rotation":{"x":0.24656656384468079,"y":-0.16476012766361237,"z":0.04257294908165932,"w":0.9540793895721436},"size":369.4336242675781,"orthographic":true}