{"cameraMode":{"drawMode":0,"name":"Shaded","section":"Shading Mode"},"sceneLighting":true,"audioPlay":false,"sceneViewState":{"m_AlwaysRefresh":false,"showFog":true,"showSkybox":true,"showFlares":true,"showImageEffects":true,"showParticleSystems":true,"showVisualEffectGraphs":true,"m_FxEnabled":true},"in2DMode":false,"pivot":{"x":413.52459716796877,"y":333.45758056640627,"z":473.3050231933594},"rotation":{"x":-0.011586995795369149,"y":-0.9633565545082092,"z":0.26475080847740176,"w":-0.042234230786561969},"size":282.7038269042969,"orthographic":true}