{"cameraMode":{"drawMode":0,"name":"Shaded","section":"Shading Mode"},"sceneLighting":false,"audioPlay":false,"sceneViewState":{"m_AlwaysRefresh":false,"showFog":true,"showSkybox":false,"showFlares":true,"showImageEffects":true,"showParticleSystems":true,"showVisualEffectGraphs":true,"m_FxEnabled":true},"in2DMode":false,"pivot":{"x":435.5803527832031,"y":199.85000610351563,"z":-32.491641998291019},"rotation":{"x":-0.001496744342148304,"y":0.08210757374763489,"z":0.00012335208884906024,"w":0.9966228604316711},"size":527.0730590820313,"orthographic":true}